state,year,oct_unemp,nov_unemp,percapita_personalincome
AL,10,10.1,10.1,33848
AL,12,7.8,7.8,35559
AL,14,6.4,6.3,36722
AL,18,3.8,3.8,41324
AL,20,5.2,4.8,45843
AL,22,2.5,2.4,51660
AL,24,3.1,3.1,56684
AK,10,7.9,7.9,49543
AK,12,7.0,7.0,53340
AK,14,6.6,6.4,55098
AK,18,6.0,6.0,58997
AK,20,7.2,7.0,61853
AK,22,4.1,4.1,68905
AK,24,4.6,4.6,75247
AZ,10,10.1,10.1,33778
AZ,12,8.1,8.1,36364
AZ,14,6.6,6.5,38268
AZ,18,4.9,5.0,45297
AZ,20,7.0,6.7,52038
AZ,22,3.8,3.8,58873
AZ,24,4.0,4.0,64456
AR,10,7.9,8.0,32218
AR,12,7.2,7.2,36289
AR,14,5.6,5.5,38220
AR,18,3.6,3.7,43031
AR,20,5.4,5.1,47100
AR,22,3.2,3.1,55299
AR,24,3.6,3.7,59663
CA,10,12.3,12.3,43137
CA,12,9.9,9.8,47793
CA,14,7.2,7.1,50617
CA,18,4.3,4.3,60984
CA,20,9.3,9.0,70065
CA,22,4.1,4.3,76741
CA,24,5.4,5.4,85518
CO,10,9.4,9.4,40827
CO,12,7.6,7.5,45495
CO,14,4.3,4.2,50251
CO,18,3.1,3.1,57798
CO,20,6.2,6.2,64671
CO,22,2.9,2.9,76544
CO,24,4.3,4.3,82705
CT,10,9.5,9.6,61392
CT,12,8.4,8.3,63556
CT,14,6.3,6.2,64484
CT,18,3.7,3.7,72159
CT,20,7.9,7.5,76779
CT,22,3.7,3.6,84777
CT,24,3.4,3.5,93235
DE,10,8.0,8.0,41100
DE,12,6.9,6.9,43771
DE,14,5.3,5.2,45359
DE,18,3.5,3.5,52670
DE,20,5.2,5.4,55497
DE,22,4.2,4.1,63890
DE,24,3.9,4.0,69282
FL,10,11.2,11.2,38779
FL,12,8.3,8.2,41211
FL,14,6.1,6.0,42877
FL,18,3.5,3.5,51015
FL,20,6.9,6.5,56539
FL,22,2.9,2.9,64171
FL,24,3.5,3.5,70390
GA,10,10.4,10.4,34740
GA,12,8.7,8.7,37250
GA,14,6.8,6.7,39550
GA,18,3.9,3.9,46624
GA,20,5.6,5.3,51460
GA,22,3.2,3.2,57193
GA,24,3.5,3.4,62393
HI,10,6.7,6.7,41498
HI,12,5.3,5.2,43523
HI,14,4.0,3.9,45445
HI,18,2.6,2.7,51554
HI,20,11.3,10.5,56995
HI,22,3.3,3.2,62522
HI,24,2.7,2.7,69520
ID,10,8.9,8.9,31948
ID,12,7.3,7.1,34812
ID,14,4.0,3.9,37107
ID,18,2.9,3.0,43254
ID,20,4.4,4.2,49607
ID,22,3.0,3.0,56984
ID,24,3.6,3.6,61836
IL,10,9.8,9.7,42107
IL,12,9.0,9.0,45934
IL,14,6.5,6.3,48536
IL,18,4.4,4.5,56077
IL,20,8.2,7.8,61542
IL,22,4.6,4.5,68352
IL,24,4.9,4.8,74197
IN,10,9.6,9.5,35590
IN,12,8.2,8.2,39148
IN,14,5.7,5.6,40719
IN,18,3.5,3.6,46555
IN,20,5.6,5.2,51736
IN,22,3.2,3.2,58867
IN,24,4.1,4.1,63802
IA,10,6.0,5.9,38190
IA,12,4.9,4.9,42539
IA,14,4.1,4.0,44120
IA,18,2.5,2.6,48773
IA,20,4.2,4.2,52621
IA,22,3.1,3.1,61515
IA,24,3.4,3.5,63573
KS,10,6.9,6.9,39821
KS,12,5.5,5.6,44913
KS,14,4.3,4.3,46289
KS,18,3.3,3.3,50282
KS,20,4.9,4.6,55100
KS,22,3.0,3.0,62313
KS,24,3.7,3.7,68038
KY,10,10.0,10.0,33187
KY,12,8.1,8.1,35630
KY,14,5.7,5.6,37225
KY,18,4.2,4.2,41658
KY,20,4.8,4.8,47052
KY,22,4.1,4.1,52615
KY,24,4.9,4.9,57526
LA,10,7.7,7.8,38067
LA,12,6.4,6.4,40662
LA,14,6.8,6.8,42533
LA,18,4.8,4.8,45465
LA,20,8.0,7.6,50133
LA,22,3.5,3.5,55661
LA,24,4.5,4.4,61332
ME,10,8.2,8.2,38018
ME,12,7.1,7.1,39992
ME,14,5.3,5.2,41137
ME,18,3.3,3.3,47729
ME,20,3.8,3.9,54295
ME,22,2.7,2.7,61620
ME,24,3.2,3.2,68129
MD,10,7.7,7.6,49616
MD,12,6.8,6.8,52481
MD,14,5.5,5.5,53075
MD,18,3.7,3.7,59915
MD,20,6.7,6.6,64840
MD,22,2.8,2.6,71013
MD,24,3.3,3.4,78538
MA,10,7.8,7.8,52707
MA,12,6.7,6.7,56259
MA,14,5.5,5.4,58129
MA,18,3.3,3.3,69191
MA,20,8.4,7.8,77470
MA,22,3.7,3.6,85712
MA,24,4.1,4.1,93927
MI,10,11.8,11.5,35635
MI,12,9.0,9.0,39042
MI,14,6.6,6.4,40829
MI,18,4.1,4.2,47089
MI,20,7.7,7.1,52787
MI,22,4.1,4.1,57907
MI,24,5.1,5.2,63221
MN,10,7.3,7.3,42538
MN,12,5.6,5.5,47399
MN,14,3.9,3.9,49357
MN,18,3.1,3.2,56201
MN,20,5.5,5.1,61327
MN,22,2.6,2.6,69813
MN,24,3.2,3.3,74943
NE,10,4.5,4.5,41085
NE,12,3.9,3.9,46385
NE,14,3.0,3.0,48187
NE,18,3.0,3.0,51436
NE,20,3.1,3.0,56745
NE,22,2.3,2.3,66923
NE,24,2.8,2.8,71859
NV,10,13.4,13.4,37289
NV,12,11.0,10.9,39680
NV,14,7.8,7.6,41126
NV,18,4.3,4.3,49289
NV,20,11.1,10.2,54656
NV,22,5.3,5.3,62493
NV,24,5.5,5.4,68657
NH,10,5.8,5.8,46982
NH,12,5.6,5.6,50715
NH,14,4.1,4.0,51988
NH,18,2.5,2.6,60335
NH,20,5.3,4.9,67535
NH,22,2.6,2.5,74952
NH,24,2.8,2.9,82878
NJ,10,9.5,9.5,50961
NJ,12,9.4,9.4,54235
NJ,14,6.5,6.5,56367
NJ,18,3.7,3.7,64198
NJ,20,7.1,7.2,70430
NJ,22,3.5,3.7,77456
NJ,24,4.7,4.8,84071
NM,10,7.7,7.6,33658
NM,12,6.9,6.9,35694
NM,14,6.4,6.4,36880
NM,18,5.0,5.1,40976
NM,20,8.4,8.4,46483
NM,22,3.5,3.6,53069
NM,24,4.2,4.2,57652
NY,10,8.6,8.5,48578
NY,12,8.5,8.4,52625
NY,14,5.9,5.8,54496
NY,18,4.0,4.0,64229
NY,20,9.2,8.9,70395
NY,22,4.0,4.0,77382
NY,24,4.1,4.1,85733
NC,10,10.5,10.7,35848
NC,12,9.5,9.5,38876
NC,14,5.9,5.8,39880
NC,18,4.0,4.0,46048
NC,20,6.1,5.9,51779
NC,22,3.7,3.7,58871
NC,24,3.7,3.7,64855
ND,10,3.6,3.5,44081
ND,12,3.0,3.0,56056
ND,14,2.7,2.6,56647
ND,18,2.3,2.3,55173
ND,20,4.8,4.5,60368
ND,22,2.2,2.2,71042
ND,24,2.5,2.5,70966
OH,10,9.6,9.5,36580
OH,12,7.3,7.3,40279
OH,14,5.4,5.3,42277
OH,18,4.5,4.5,47821
OH,20,6.7,6.4,52839
OH,22,4.1,4.0,58301
OH,24,4.6,4.7,64225
OK,10,6.2,6.1,37157
OK,12,5.1,5.1,41905
OK,14,4.1,4.0,45884
OK,18,3.1,3.2,46030
OK,20,5.5,5.3,50020
OK,22,3.1,3.1,57943
OK,24,3.1,3.1,62661
OR,10,10.5,10.4,35941
OR,12,8.6,8.5,39128
OR,14,6.3,6.2,41654
OR,18,4.2,4.2,50209
OR,20,6.8,6.6,56594
OR,22,4.2,4.2,63986
OR,24,4.4,4.5,70685
PA,10,7.9,7.9,42097
PA,12,7.6,7.6,45637
PA,14,5.6,5.6,47467
PA,18,4.3,4.3,54468
PA,20,8.1,7.8,60245
PA,22,4.0,4.0,65336
PA,24,3.9,4.0,71148
RI,10,11.5,11.5,42630
RI,12,9.9,9.7,45298
RI,14,7.1,6.9,46630
RI,18,3.9,3.9,52132
RI,20,7.0,7.0,59250
RI,22,3.2,3.1,64075
RI,24,4.5,4.5,69936
SC,10,10.8,10.8,32749
SC,12,8.6,8.5,35807
SC,14,6.6,6.5,37755
SC,18,3.3,3.2,43817
SC,20,5.3,5.1,48769
SC,22,3.2,3.2,54378
SC,24,4.4,4.3,59995
SD,10,4.9,4.9,41275
SD,12,4.0,3.9,44996
SD,14,3.3,3.2,46732
SD,18,2.7,2.7,51579
SD,20,3.3,3.1,59422
SD,22,2.0,1.9,69736
SD,24,1.9,1.9,73959
TN,10,9.6,9.6,35809
TN,12,7.7,7.8,39079
TN,14,6.4,6.3,40225
TN,18,3.5,3.5,46449
TN,20,6.3,5.9,51945
TN,22,3.4,3.4,59099
TN,24,3.6,3.6,64908
TX,10,8.2,8.3,38911
TX,12,6.5,6.5,43869
TX,14,4.9,4.7,46747
TX,18,3.8,3.8,51346
TX,20,7.1,7.0,54795
TX,22,3.9,4.0,62812
TX,24,4.2,4.2,67942
UT,10,8.1,8.2,32037
UT,12,4.6,4.6,35622
UT,14,3.6,3.6,37621
UT,18,2.9,2.9,45463
UT,20,4.0,3.8,51741
UT,22,2.5,2.5,60607
UT,24,3.4,3.3,66443
VT,10,6.0,6.0,41491
VT,12,4.7,4.6,44858
VT,14,3.9,3.8,46894
VT,18,2.3,2.3,51691
VT,20,4.3,4.2,58131
VT,22,2.4,2.3,63523
VT,24,2.5,2.5,70086
VA,10,6.6,6.6,45442
VA,12,5.7,5.6,49049
VA,14,4.9,4.8,49760
VA,18,2.9,3.0,56130
VA,20,5.9,5.3,61400
VA,22,2.9,2.9,69673
VA,24,3.1,3.1,77093
WA,10,9.9,9.9,42327
WA,12,7.7,7.4,47053
WA,14,5.8,5.7,50259
WA,18,4.4,4.5,59824
WA,20,7.3,6.9,67619
WA,22,4.2,4.2,75580
WA,24,4.4,4.4,83938
WV,10,8.4,8.4,32642
WV,12,7.3,7.2,35233
WV,14,6.4,6.3,36243
WV,18,5.0,5.0,41001
WV,20,7.0,6.6,44867
WV,22,3.8,3.7,50131
WV,24,3.9,3.9,55138
WI,10,8.0,8.0,39048
WI,12,6.8,6.8,42639
WI,14,5.0,4.9,44156
WI,18,3.0,3.0,50520
WI,20,5.2,5.0,55428
WI,22,2.8,2.7,61851
WI,24,3.1,3.1,67586
WY,10,6.6,6.5,46395
WY,12,5.2,5.1,53597
WY,14,4.3,4.2,56251
WY,18,4.0,4.0,59197
WY,20,5.6,5.5,65094
WY,22,3.5,3.4,76394
WY,24,3.3,3.3,85945
